<?xml version="1.0" encoding="UTF-8"?>
<project-private xmlns="http://www.netbeans.org/ns/project-private/1">
    <editor-bookmarks xmlns="http://www.netbeans.org/ns/editor-bookmarks/2" lastBookmarkId="0"/>
    <open-files xmlns="http://www.netbeans.org/ns/projectui-open-files/2">
        <group>
            <file>file:/D:/Project/Inventory/src/inventory/Product.java</file>
            <file>file:/D:/Project/Inventory/src/inventory/Customer.java</file>
            <file>file:/D:/Project/Inventory/src/inventory/SignUp.java</file>
            <file>file:/D:/Project/Inventory/src/inventory/Order.java</file>
            <file>file:/D:/Project/Inventory/src/inventory/Login.java</file>
            <file>file:/D:/Project/Inventory/src/inventory/Category.java</file>
            <file>file:/D:/Project/Inventory/src/inventory/User.java</file>
            <file>file:/D:/Project/Inventory/src/inventory/Home.java</file>
        </group>
    </open-files>
</project-private>
